No of words,Polysemy Detected words based on Wordnet 
1,lamb
2,palestinians
3,retired
4,sure
5,solemnity
6,lend-lease
7,jack
8,waging
9,thou
10,drive
11,communicate
12,casualties
13,crowd
14,damaged
15,criticize
16,hundred
17,harbinger
18,launch
19,mankind
20,alert
21,bucharest
22,device
23,temples
24,ross
25,buster
26,army
27,farmers
28,zero
29,followed
30,ultimately
31,strongly
32,kazakhstan
33,borders
34,stocking
35,neighbourhood
36,heavily
37,wear
38,missing
39,relationship
40,rich
41,grain
42,quisling
43,detonate
44,range
45,faced
46,crude
47,thrown
48,silent
49,hatred
50,top
51,cargo
52,govern
53,foster
54,instead
55,exiting
56,put
57,wound
58,friday
59,everywhere
60,haunted
61,deceased
62,garbage
63,anniversary
64,conducted
65,combined
66,impacting
67,anthony
68,carol
69,slowly
70,ruling
71,extremely
72,bombing
73,racism
74,fabrication
75,searched
76,significant
77,browne
78,asian
79,king
80,moderate
81,kazakh
82,echoes
83,background
84,percolation
85,reset
86,academic
87,lining
88,guess
89,machine
90,offered
91,produced
92,booster
93,spending
94,expo
95,rushing
96,lacking
97,grandma
98,baked
99,theatre
100,intriguing
101,hottest
102,airforce
103,dark
104,profit
105,creates
106,awaits
107,rebuild
108,deems
109,fired
110,invading
111,fluid
112,express
113,single
114,commentary
115,fatigue
116,case
117,storming
118,emphasis
119,relatively
120,tanks
121,mobilized
122,alongside
123,west
124,pay
125,expert
126,vulnerability
127,prove
128,serviceman
129,appears
130,exposed
131,apart
132,eastward
133,pleasure
134,camp
135,obligation
136,resolution
137,familiar
138,sadly
139,cartoon
140,nazi
141,deal
142,gain
143,monetize
144,deep
145,bullshit
146,far-right
147,rescuer
148,copy
149,drunk
150,controller
151,mean
152,grid
153,perfectly
154,spike
155,grateful
156,remains
157,brighter
158,keeps
159,one
160,putting
161,ride
162,rising
163,appeasement
164,imbecile
165,bridge
166,snapshot
167,unfolding
168,tired
169,pound
170,airline
171,asked
172,terrorizing
173,differ
174,enterprise
175,loud
176,handle
177,patriotic
178,altitude
179,b
180,plan
181,panicked
182,section
183,ew
184,remember
185,chose
186,realistic
187,vivid
188,improving
189,lucky
190,feat
191,verified
192,window
193,approximate
194,seem
195,whiskey
196,mobile
197,chewing
198,remain
199,door
200,parallel
201,corporation
202,wrestler
203,poor
204,institution
205,initiating
206,soothing
207,soar
208,spy
209,bestial
210,financial
211,reporter
212,luck
213,husband
214,tall
215,enemy
216,neck
217,retaliation
218,lack
219,blunder
220,facilitated
221,study
222,converted
223,grew
224,besiege
225,presidency
226,gulf
227,bravery
228,noted
229,language
230,extreme
231,flux
232,beleaguered
233,looted
234,diversified
235,molly
236,recklessness
237,hacked
238,reducing
239,ed
240,airway
241,petersburg
242,exchange
243,axs
244,heating
245,disastrous
246,contribute
247,usually
248,supposedly
249,peacekeeping
250,period
251,defender
252,mm
253,dominated
254,special
255,material
256,broke
257,defies
258,number
259,virtually
260,il
261,nonsensical
262,fundraising
263,repudiation
264,roll
265,race
266,commemorate
267,instrumental
268,silently
269,tyrant
270,dignity
271,burn
272,r
273,hence
274,faked
275,latest
276,activists
277,democrats
278,may
279,details
280,tearing
281,pilot
282,liberals
283,despite
284,clarity
285,skill
286,agriculture
287,thanked
288,entry
289,lose
290,act
291,financing
292,notes
293,london
294,shamed
295,unsung
296,patriotism
297,course
298,passage
299,shown
300,electricity
301,sorting
302,hopeful
303,sitting
304,marked
305,french
306,effect
307,enough
308,george
309,feature
310,text
311,wank
312,following
313,dropped
314,month
315,lasted
316,mistake
317,infrastructure
318,walk
319,crashed
320,honoured
321,discussing
322,arranged
323,bod
324,jacket
325,brightly
326,reluctant
327,bs
328,living
329,gearing
330,coordinated
331,boom
332,modelled
333,profession
334,tirelessly
335,relentless
336,away
337,rob
338,confirm
339,sun
340,zoom
341,sharp
342,bit
343,beast
344,besides
345,lighting
346,marx
347,participate
348,mental
349,supplication
350,agricultural
351,designer
352,caffeine
353,guard
354,glaring
355,paratrooper
356,stockpile
357,begging
358,savage
359,worst
360,mach
361,rational
362,established
363,breaking
364,directed
365,frustration
366,recognises
367,blackness
368,analyst
369,dispatched
370,dedicates
371,soul
372,upset
373,implications
374,speak
375,anonymous
376,withheld
377,clear
378,bottom
379,generation
380,researcher
381,lies
382,woman
383,iraq
384,voting
385,taste
386,closing
387,creature
388,spread
389,reserved
390,catastrophic
391,apologise
392,kiwi
393,genesis
394,inspect
395,gave
396,released
397,eliminated
398,crime
399,shipped
400,host
401,apartment
402,therefore
403,direct
404,expecting
405,israels
406,fiery
407,drop
408,sad
409,pretending
410,received
411,snapping
412,constant
413,exclusive
414,grit
415,victim
416,commandment
417,end-to-end
418,boost
419,betrayed
420,kept
421,preemie
422,impounded
423,perhaps
424,stanley
425,peerless
426,wife
427,official
428,intension
429,attitude
430,comparing
431,telecast
432,surpassed
433,republican
434,gibberish
435,tribunal
436,projectile
437,specific
438,third
439,kid
440,described
441,citing
442,cruelty
443,atypical
444,saints
445,mickey
446,boo
447,tour
448,initiative
449,theorist
450,trump
451,different
452,harm
453,flogged
454,traffic
455,shelf
456,rut
457,abroad
458,volunteers
459,intentional
460,hidden
461,communist
462,movie
463,n
464,boasted
465,criminals
466,knocked
467,misled
468,items
469,tally
470,resource
471,polled
472,fm
473,along
474,violated
475,deaths
476,hell
477,closer
478,celebrate
479,tech
480,day
481,related
482,rushed
483,fire
484,days
485,brothers
486,car
487,discussed
488,security
489,sanction
490,buttons
491,coward
492,carry
493,firing
494,paper
495,exchanging
496,hours
497,swept
498,tumour
499,yellow
500,jail
501,juggernaut
502,neutrality
503,buzzing
504,compelling
505,magnificent
506,invade
507,platform
508,alarming
509,refuses
510,born
511,kick
512,cathedral
513,programming
514,trauma
515,distinguishing
516,rabid
517,logic
518,identified
519,nimble
520,lately
521,inspiration
522,step-by-step
523,prisoner
524,corruption
525,coming
526,rejected
527,democracies
528,conversion
529,unnecessary
530,elected
531,ready
532,store
533,depleted
534,crooner
535,prisoners
536,say
537,proves
538,damage
539,symbolizes
540,lecture
541,perverted
542,spite
543,responsibility
544,mention
545,implemented
546,spa
547,obtained
548,hungarian
549,journalist
550,follow
551,blog
552,moon
553,interruption
554,tainted
555,viewpoint
556,anthrax
557,donations
558,young
559,status
560,eliot
561,pass
562,production
563,perpetrated
564,means
565,georgia
566,registration
567,mohammed
568,gathering
569,shine
570,mayor
571,please
572,shield
573,translated
574,rid
575,blackmailing
576,herald
577,reduced
578,terrorism
579,preparing
580,throwing
581,second
582,outskirt
583,aimed
584,prepare
585,channel
586,criminal
587,planned
588,inflation
589,music
590,finalizing
591,static
592,complimentary
593,sink
594,producing
595,forward
596,borodin
597,degree
598,saboteur
599,undeterred
600,framework
601,sake
602,longer
603,becoming
604,grove
605,medic
606,told
607,arms
608,fooled
609,match
610,glorious
611,nonsense
612,winter
613,screen
614,institute
615,recall
616,satisfactory
617,hit
618,hope
619,loaded
620,playing
621,felt
622,responds
623,putins
624,meadows
625,impose
626,save
627,care
628,fans
629,red
630,war-torn
631,card
632,elderly
633,speechless
634,dump
635,unicef
636,enjoy
637,screening
638,slowest
639,shade
640,ad
641,horrific
642,ability
643,unforgivable
644,gia
645,praise
646,chain
647,fascinating
648,begun
649,armed
650,upright
651,perspectives
652,sheet
653,found
654,mar
655,moldova
656,concern
657,johnson
658,moral
659,posing
660,line
661,practically
662,major
663,gas
664,deciding
665,hiding
666,withdrawal
667,childhood
668,shed
669,superior
670,reflection
671,waving
672,seeds
673,budapest
674,year
675,everlasting
676,apocalyptic
677,subscribed
678,tells
679,leaning
680,prosecuted
681,centre
682,challenging
683,learned
684,unavoidable
685,tried
686,uncollected
687,conquer
688,withholding
689,daniel
690,rescued
691,reiterate
692,minister
693,uganda
694,mustache
695,donetsk
696,drowned
697,supercharge
698,flight
699,stock
700,minimum
701,healing
702,smart
703,innovative
704,demonstrable
705,afghans
706,arresting
707,nothing
708,offering
709,common
710,partly
711,representing
712,protected
713,pram
714,six
715,spare
716,compassion
717,ideal
718,states
719,bogus
720,sincerely
721,marketing
722,association
723,tbilisi
724,awesome
725,shift
726,jews
727,fisherman
728,tribute
729,crew
730,receive
731,unconditional
732,scoop
733,establishing
734,suffers
735,busy
736,looking
737,blew
738,capitol
739,best
740,brightens
741,less
742,privileged
743,project
744,head
745,esteem
746,naked
747,appreciate
748,proposal
749,annexation
750,planing
751,saved
752,request
753,riyadh
754,spill
755,slaughtering
756,addicted
757,house
758,inhabitants
759,cause
760,evacuated
761,froze
762,diplomat
763,demonstration
764,business
765,immediately
766,cosmonauts
767,current
768,archiving
769,gloat
770,half
771,urge
772,blocking
773,veritable
774,forgotten
775,faisal
776,deserves
777,buried
778,modern
779,began
780,season
781,breastfeeding
782,terrorize
783,mutual
784,surprising
785,logistical
786,results
787,apparently
788,counted
789,difficulty
790,governments
791,output
792,apocalypse
793,prosecutors
794,stored
795,syracuse
796,hand
797,escape
798,likening
799,belgrade
800,mf
801,senior
802,raise
803,proximity
804,patriot
805,recovering
806,assembling
807,benefited
808,norwegian
809,explain
810,taiwan
811,till
812,path
813,proposes
814,trap
815,accurate
816,puppet
817,ordnance
818,remembered
819,cities
820,usual
821,anymore
822,boon
823,recent
824,denazification
825,vehicle
826,occupant
827,lap
828,hunter
829,activated
830,ignore
831,approaching
832,sowing
833,southern
834,infinity
835,linking
836,carrier
837,confused
838,toll
839,cry
840,key
841,bond
842,objectivity
843,invasion
844,unlike
845,well-fed
846,almost
847,wests
848,condition
849,panic
850,deficit
851,advantage
852,conduct
853,member
854,armor
855,tear
856,gdp
857,owner
858,van
859,competitive
860,decorated
861,higher
862,dictatorially
863,press
864,unbiased
865,starvation
866,listen
867,farm
868,nigeria
869,denies
870,name
871,terrorised
872,globalisation
873,james
874,motto
875,uprising
876,violation
877,hideout
878,inhuman
879,rule
880,provided
881,family
882,fool
883,export
884,together
885,cigarette
886,separatist
887,truth
888,breakout
889,auction
890,testing
891,tomato
892,annihilate
893,farmer
894,mouse
895,talks
896,subscribe
897,seeking
898,jordan
899,julian
900,poland
901,bonus
902,stretched
903,avert
904,appendage
905,easy
906,body
907,welcomed
908,note
909,weeks
910,mainly
911,tass
912,commission
913,kolkata
914,liquidated
915,foreign
916,stranger
917,aside
918,tuesday
919,club
920,democracy
921,homework
922,horseman
923,sensitive
924,simulated
925,launching
926,commander
927,needed
928,value
929,transformation
930,murderous
931,endowment
932,targeted
933,quintessence
934,unarmed
935,senseless
936,viewer
937,contrast
938,overnight
939,forever
940,imposed
941,osprey
942,spouting
943,complaining
944,person
945,actors
946,penn
947,cultural
948,cosmonaut
949,finland
950,developed
951,maritime
952,evacuate
953,experienced
954,jfk
955,accept
956,asleep
957,shannon
958,raffle
959,leaky
960,seized
961,earthquake
962,motherland
963,buy
964,goal
965,absolves
966,reach
967,defiance
968,capability
969,combat
970,reflect
971,british
972,strength
973,scam
974,em
975,era
976,supply
977,pet
978,quote
979,reject
980,treaty
981,hunan
982,never
983,airplane
984,indians
985,unfold
986,presidents
987,summary
988,famous
989,spark
990,polish
991,tourism
992,treated
993,broad
994,test
995,worried
996,doe
997,liquid
998,additionally
999,rap
1000,territorial
1001,participated
1002,shelled
1003,capones
1004,confederation
1005,gathered
1006,organise
1007,desecrated
1008,besieged
1009,ran
1010,planet
1011,surgical
1012,banking
1013,nw
1014,allowing
1015,pose
1016,demolishing
1017,razes
1018,cow
1019,backing
1020,downtown
1021,folk
1022,decade
1023,veterinary
1024,cycle
1025,crazy
1026,resolve
1027,germans
1028,treatment
1029,widow
1030,contain
1031,tie
1032,abolition
1033,smartest
1034,transport
1035,medal
1036,anyway
1037,addition
1038,hitting
1039,ends
1040,prevent
1041,rallying
1042,judgement
1043,epistemic
1044,russia
1045,started
1046,advance
1047,yemen
1048,col
1049,touched
1050,entire
1051,trusted
1052,sister
1053,legalizing
1054,hostilities
1055,freeze
1056,faces
1057,reflecting
1058,countries
1059,behind
1060,poles
1061,shore
1062,sketches
1063,allies
1064,dictator
1065,version
1066,mek
1067,load
1068,understanding
1069,raf
1070,entertainment
1071,polar
1072,story
1073,jan
1074,humanitarian
1075,twitter
1076,spiritual
1077,proponent
1078,explanation
1079,destiny
1080,organization
1081,returned
1082,recounts
1083,colleagues
1084,bangladeshi
1085,post
1086,nuance
1087,according
1088,shortage
1089,bath
1090,meal
1091,marginalise
1092,milestones
1093,market
1094,danger
1095,adopted
1096,rebuttal
1097,boggling
1098,entirely
1099,several
1100,warehouse
1101,arrived
1102,fate
1103,making
1104,mr
1105,cheered
1106,imply
1107,reportage
1108,epa
1109,subtle
1110,apologist
1111,remove
1112,apparent
1113,destroyed
1114,visited
1115,servant
1116,handsome
1117,malnourished
1118,uses
1119,tragic
1120,cast
1121,boasting
1122,news
1123,yerevan
1124,birthplace
1125,pms
1126,whole
1127,lift
1128,roundtable
1129,spaceship
1130,bred
1131,bastard
1132,flower
1133,lab
1134,rg
1135,shoot
1136,opportunity
1137,hike
1138,bulgaria
1139,deserted
1140,removed
1141,exempt
1142,accuse
1143,namely
1144,insane
1145,offensive
1146,owned
1147,denys
1148,chopper
1149,cited
1150,achieve
1151,hunting
1152,lawyer
1153,purchase
1154,failing
1155,get
1156,guide
1157,prompted
1158,land
1159,tent
1160,session
1161,approval
1162,foot
1163,indication
1164,personally
1165,bickering
1166,ignoring
1167,admire
1168,writing
1169,cute
1170,intermission
1171,wrath
1172,ego
1173,peace-loving
1174,hormone
1175,toss
1176,champion
1177,estimated
1178,step
1179,flak
1180,effectively
1181,burns
1182,join
1183,stone
1184,trivial
1185,yeah
1186,outside
1187,intensive
1188,discourse
1189,wonder
1190,headache
1191,paul
1192,delivers
1193,junta
1194,advertising
1195,cup
1196,conservative
1197,concluding
1198,fuze
1199,operating
1200,owns
1201,defining
1202,banner
1203,corner
1204,musician
1205,photos
1206,format
1207,dust
1208,advisor
1209,livelihood
1210,warned
1211,florida
1212,defeated
1213,available
1214,nice
1215,forced
1216,trolls
1217,unspeakable
1218,strengthened
1219,unreal
1220,permanent
1221,blockade
1222,dry
1223,cruise
1224,benefit
1225,fails
1226,letter
1227,operated
1228,despot
1229,restarting
1230,linked
1231,ukraine
1232,standby
1233,precarious
1234,next
1235,guy
1236,reluctance
1237,cyborg
1238,lot
1239,acre
1240,goodness
1241,custody
1242,accomplish
1243,retake
1244,railway
1245,celebrity
1246,airport
1247,dig
1248,luxembourg
1249,option
1250,pregnant
1251,specially
1252,maintenance
1253,nationals
1254,remark
1255,f
1256,divorce
1257,christ
1258,develop
1259,around
1260,awe
1261,serious
1262,ear
1263,addressing
1264,four
1265,secure
1266,voter
1267,analogy
1268,discovered
1269,specialist
1270,mural
1271,baby
1272,pointless
1273,bleeds
1274,interview
1275,sensational
1276,losing
1277,monday
1278,ambition
1279,tied
1280,fifth
1281,lord
1282,infamy
1283,sing
1284,wind
1285,stop
1286,art
1287,legitimate
1288,chubby
1289,sort
1290,quarter
1291,franchise
1292,bother
1293,chaplin
1294,completing
1295,humbling
1296,armenian
1297,remind
1298,limitation
1299,trial
1300,halfway
1301,exercise
1302,publicity
1303,clown
1304,requirement
1305,austin
1306,insidious
1307,government
1308,scrutiny
1309,spelling
1310,central
1311,northern
1312,mon
1313,chicago
1314,deliver
1315,camera
1316,weak
1317,pork
1318,dragging
1319,crazed
1320,foothold
1321,fart
1322,departing
1323,capturing
1324,minutes
1325,worsen
1326,sacrifice
1327,cauldron
1328,memo
1329,policy
1330,actor
1331,analysis
1332,helicopters
1333,mans
1334,giveaway
1335,radar
1336,staunch
1337,silenced
1338,infantry
1339,biting
1340,hello
1341,convention
1342,awarded
1343,bound
1344,thousand
1345,rejoin
1346,empty
1347,use
1348,contrary
1349,separate
1350,pride
1351,storage
1352,dedicated
1353,warmongering
1354,batch
1355,madness
1356,design
1357,scale
1358,opposing
1359,exactly
1360,pretty
1361,vouch
1362,mentioned
1363,vacuum
1364,toy
1365,role
1366,interfere
1367,floor
1368,development
1369,tragedy
1370,write
1371,monument
1372,adviser
1373,heading
1374,iii
1375,exhaust
1376,ring
1377,protested
1378,nestle
1379,time
1380,welcoming
1381,undermined
1382,communicating
1383,round
1384,grand
1385,recognise
1386,vain
1387,america
1388,mike
1389,evening
1390,championships
1391,zephyr
1392,expects
1393,affair
1394,flakey
1395,launched
1396,erased
1397,economic
1398,comment
1399,horror
1400,blood
1401,level
1402,refused
1403,destroy
1404,troop
1405,target
1406,claimed
1407,helping
1408,welfare
1409,bodyguards
1410,torn
1411,dearly
1412,imposes
1413,intervenes
1414,anger
1415,weeping
1416,small
1417,sunflowers
1418,ballista
1419,risk
1420,lawrence
1421,finger
1422,involve
1423,operation
1424,brown
1425,spoiled
1426,capital
1427,woken
1428,core
1429,lazar
1430,proxy
1431,certainly
1432,plume
1433,landed
1434,invincible
1435,reassure
1436,alleged
1437,tea
1438,field
1439,holding
1440,port
1441,operational
1442,holiday
1443,file
1444,exact
1445,disabled
1446,appreciated
1447,raiding
1448,sovereignty
1449,night
1450,devious
1451,vicinity
1452,legal
1453,mother
1454,abortion
1455,meeting
1456,presented
1457,hitler
1458,dawned
1459,challenge
1460,unaware
1461,killer
1462,audience
1463,mi
1464,listing
1465,love
1466,indeed
1467,public
1468,aid
1469,protest
1470,annual
1471,battle
1472,reverse
1473,slow
1474,dozen
1475,associate
1476,active
1477,zone
1478,indirect
1479,hardship
1480,hole
1481,reminiscent
1482,commonwealth
1483,france
1484,nomination
1485,daddy
1486,g
1487,0
1488,picture
1489,neighbor
1490,blind
1491,prophecy
1492,suffering
1493,limited
1494,deception
1495,v
1496,convene
1497,deserve
1498,shame
1499,bet
1500,contributes
1501,antiaircraft
1502,lots
1503,travel
1504,escalating
1505,square
1506,capable
1507,workshop
1508,envoy
1509,collect
1510,agrees
1511,missed
1512,extract
1513,iranian
1514,wreck
1515,hacker
1516,image
1517,spencer
1518,trophy
1519,impeached
1520,suburb
1521,mt
1522,philip
1523,capacity
1524,handed
1525,scar
1526,suvs
1527,lip
1528,trying
1529,respect
1530,freight
1531,fund
1532,table
1533,diplomacy
1534,world
1535,bat
1536,campaigning
1537,trader
1538,bleaching
1539,pushchair
1540,focus
1541,decadence
1542,barely
1543,dot
1544,conflict
1545,sunshine
1546,flow
1547,setting
1548,revive
1549,remaining
1550,daylight
1551,unsure
1552,multilateral
1553,adjust
1554,supplied
1555,suffered
1556,guarantee
1557,drama
1558,provoke
1559,terrifying
1560,subservience
1561,mg
1562,formed
1563,grim
1564,struck
1565,basically
1566,seems
1567,seek
1568,garment
1569,profiting
1570,provide
1571,speaker
1572,caught
1573,securing
1574,regime
1575,plans
1576,moved
1577,blitzkrieg
1578,resist
1579,stutter
1580,recaptured
1581,currently
1582,anthem
1583,students
1584,spreading
1585,classic
1586,shifted
1587,influence
1588,heartfelt
1589,hostility
1590,likewise
1591,libya
1592,existential
1593,seaside
1594,another
1595,open
1596,guessed
1597,hate
1598,portray
1599,credible
1600,shipping
1601,airfield
1602,identification
1603,president
1604,suggest
1605,series
1606,armoured
1607,touch
1608,muscle
1609,executive
1610,cancer
1611,broadcasting
1612,allow
1613,depressing
1614,bill
1615,fantastic
1616,organised
1617,conscience
1618,shopping
1619,lightening
1620,initially
1621,accountability
1622,invades
1623,mud
1624,plot
1625,raccoon
1626,belong
1627,mamas
1628,rod
1629,center
1630,vilnius
1631,legend
1632,assisting
1633,calculus
1634,ambush
1635,investment
1636,link
1637,humiliation
1638,reshape
1639,impression
1640,eavesdropping
1641,clash
1642,detained
1643,confiscated
1644,despair
1645,celebration
1646,launcher
1647,across
1648,readers
1649,approach
1650,private
1651,filming
1652,exterminate
1653,posted
1654,shelter
1655,self-determination
1656,inaction
1657,done
1658,exposing
1659,york
1660,desert
1661,saturday
1662,peak
1663,lieutenant
1664,violent
1665,alive
1666,disconnected
1667,addressed
1668,newest
1669,rather
1670,absence
1671,testament
1672,interrupt
1673,revived
1674,helpless
1675,eight
1676,audio
1677,banality
1678,lives
1679,wallets
1680,cultivating
1681,suffer
1682,beware
1683,medicine
1684,paradise
1685,installed
1686,drag
1687,burton
1688,excellent
1689,sam
1690,repel
1691,uranium
1692,men
1693,confirms
1694,emblem
1695,defection
1696,homeland
1697,method
1698,type
1699,worse
1700,overflowing
1701,distracted
1702,sour
1703,pattern
1704,attacking
1705,board
1706,answer
1707,motorized
1708,earlier
1709,focusing
1710,disgraceful
1711,example
1712,shepard
1713,powerful
1714,theaters
1715,measure
1716,ruble
1717,deputy
1718,kindly
1719,hes
1720,record
1721,suppose
1722,basis
1723,predetermined
1724,heated
1725,gruesome
1726,extermination
1727,slaughtered
1728,colour
1729,school
1730,overhead
1731,systematic
1732,baker
1733,pistol
1734,pizza
1735,big
1736,transferred
1737,vaccinated
1738,color
1739,odessa
1740,hard
1741,humans
1742,leveling
1743,exceptional
1744,planted
1745,commitment
1746,disgrace
1747,knock
1748,chaotic
1749,manager
1750,food
1751,detention
1752,least
1753,darkest
1754,comments
1755,hawk
1756,positive
1757,stance
1758,befallen
1759,chip
1760,transported
1761,gm
1762,housing
1763,sudan
1764,egg
1765,pictured
1766,shoulder
1767,aviation
1768,injustice
1769,bm
1770,microphone
1771,cut
1772,resume
1773,graveyard
1774,visual
1775,intended
1776,jewish
1777,proceeds
1778,alarm
1779,pack
1780,takeover
1781,town
1782,characterized
1783,sanctions
1784,stumble
1785,diplomatic
1786,alleging
1787,include
1788,joke
1789,blackmail
1790,waiting
1791,extends
1792,blaming
1793,forget
1794,quickly
1795,talking
1796,display
1797,lied
1798,principal
1799,shelved
1800,domestic
1801,spouse
1802,apology
1803,cans
1804,operative
1805,resilience
1806,commented
1807,pro
1808,cutting
1809,long-term
1810,wyoming
1811,drumming
1812,plane
1813,answered
1814,war
1815,alone
1816,ass
1817,worry
1818,fit
1819,disagreement
1820,rebel
1821,ended
1822,proceed
1823,collected
1824,smoke
1825,ramp
1826,ugly
1827,woke
1828,tracked
1829,cats
1830,synagogue
1831,robertson
1832,deli
1833,emboldened
1834,economist
1835,mark
1836,discussion
1837,highest
1838,worldwide
1839,culture
1840,footstep
1841,litmus
1842,manufacturer
1843,josephs
1844,sounds
1845,row
1846,played
1847,triumph
1848,drink
1849,twice
1850,chile
1851,disaster
1852,founder
1853,radical
1854,backlash
1855,pertinent
1856,underestimate
1857,temporary
1858,massive
1859,terrible
1860,laugh
1861,enjoyable
1862,arm
1863,coal
1864,cruel
1865,brains
1866,prompts
1867,masturbating
1868,lance
1869,lady
1870,dimension
1871,heather
1872,explaining
1873,push
1874,discrimination
1875,submission
1876,threats
1877,vision
1878,ecumenical
1879,unimaginably
1880,selfless
1881,firefighter
1882,dancing
1883,journalism
1884,kudos
1885,daring
1886,battalion
1887,decent
1888,southeast
1889,inhabitant
1890,defenseless
1891,seemed
1892,moron
1893,parliament
1894,delaware
1895,donbass
1896,stick
1897,resisting
1898,delay
1899,northwest
1900,forgiveness
1901,minority
1902,crippled
1903,residents
1904,distract
1905,nuremberg
1906,zion
1907,oil
1908,dishonest
1909,shocked
1910,filled
1911,speaks
1912,stands
1913,secretary
1914,desire
1915,hang
1916,cr
1917,veteran
1918,prevailing
1919,repeat
1920,uk
1921,better
1922,parent
1923,depicted
1924,bully
1925,promised
1926,elite
1927,succeed
1928,accused
1929,subject
1930,mob
1931,est
1932,canadian
1933,trapped
1934,reproduce
1935,permanently
1936,massacred
1937,freezing
1938,asks
1939,parka
1940,joining
1941,mission
1942,factory
1943,somewhere
1944,sc
1945,fierce
1946,task
1947,sleep
1948,candle
1949,underestimated
1950,technology
1951,announced
1952,helped
1953,romanian
1954,assuming
1955,graft
1956,pows
1957,grant
1958,mounted
1959,threat
1960,fourth
1961,bottle
1962,heroic
1963,honor
1964,meant
1965,pain
1966,severely
1967,battling
1968,protesting
1969,translation
1970,laboratory
1971,spoken
1972,q
1973,obtain
1974,amazon
1975,managed
1976,languages
1977,fighter
1978,belarus
1979,importantly
1980,ukraines
1981,utterly
1982,shun
1983,additional
1984,racist
1985,tip
1986,appeal
1987,popular
1988,continuing
1989,teenager
1990,co
1991,account
1992,cleaning
1993,eerily
1994,astonishment
1995,early
1996,confusion
1997,jump
1998,likened
1999,tweet
2000,retreat
2001,inventory
2002,lawsuit
2003,watching
2004,deleting
2005,flying
2006,serve
2007,wise
2008,dismantling
2009,description
2010,opposite
2011,safe
2012,criticized
2013,complex
2014,birch
2015,interviewing
2016,skin
2017,scenery
2018,progressive
2019,become
2020,repelled
2021,unlikely
2022,bulletproof
2023,compromise
2024,desperation
2025,lion
2026,event
2027,lovely
2028,stunning
2029,beholden
2030,ill
2031,solemn
2032,suggesting
2033,unfair
2034,boosting
2035,finally
2036,believe
2037,buddhist
2038,bite
2039,goebbels
2040,fallen
2041,expelled
2042,services
2043,sustain
2044,photographer
2045,villain
2046,isis
2047,highlights
2048,perception
2049,afghan
2050,judas
2051,wounded
2052,inflicting
2053,strengthening
2054,despicable
2055,includes
2056,rus
2057,ominous
2058,affairs
2059,recognised
2060,three
2061,encrypting
2062,massacre
2063,heavy
2064,officially
2065,ic
2066,matthew
2067,dangerous
2068,suit
2069,thankfully
2070,doctor
2071,closed
2072,rome
2073,risking
2074,joined
2075,north
2076,television
2077,diamond
2078,disputed
2079,observatory
2080,packed
2081,thursday
2082,unloaded
2083,highly
2084,exiled
2085,left
2086,dull
2087,cell
2088,militant
2089,talk
2090,wing
2091,friends
2092,overestimated
2093,exception
2094,incredibly
2095,toe
2096,voices
2097,christianity
2098,way
2099,endorse
2100,governor
2101,especially
2102,bank
2103,brain
2104,slam
2105,approves
2106,asylum
2107,loss
2108,begin
2109,extended
2110,obliterated
2111,milestone
2112,scarf
2113,rites
2114,remembering
2115,axis
2116,relative
2117,brutal
2118,refuse
2119,fragility
2120,happens
2121,strategist
2122,downed
2123,unexploded
2124,brother
2125,standing
2126,places
2127,conglomerate
2128,alluding
2129,site
2130,infamous
2131,gutless
2132,complacent
2133,potential
2134,lobbying
2135,fan
2136,honest
2137,claiming
2138,given
2139,beauty
2140,nd
2141,embargo
2142,salute
2143,hat
2144,opened
2145,chinas
2146,absent
2147,swiftly
2148,reactor
2149,reserve
2150,heavenward
2151,increasingly
2152,dream
2153,doubled
2154,sorted
2155,went
2156,signed
2157,contemplate
2158,immigration
2159,arrive
2160,heal
2161,allied
2162,animation
2163,crux
2164,middle
2165,dy
2166,taught
2167,crops
2168,transpired
2169,certain
2170,congress
2171,cylinder
2172,instructed
2173,wedding
2174,fucking
2175,exist
2176,ambushed
2177,dragged
2178,sobering
2179,liberal
2180,mixed
2181,canadians
2182,constantly
2183,portrait
2184,displaced
2185,legacy
2186,blinking
2187,fight
2188,starting
2189,reunification
2190,smith
2191,idea
2192,flop
2193,conrad
2194,candidate
2195,qualify
2196,lanai
2197,bleeding
2198,individual
2199,pressuring
2200,sacrificed
2201,subbed
2202,train
2203,denying
2204,republics
2205,fail
2206,named
2207,hungary
2208,desertion
2209,prevents
2210,phds
2211,outlet
2212,beacon
2213,vast
2214,controlled
2215,informative
2216,ghost
2217,imagine
2218,digest
2219,show
2220,geting
2221,lie
2222,pinned
2223,arise
2224,immoral
2225,edge
2226,maternity
2227,award
2228,involved
2229,couple
2230,strip
2231,threatens
2232,crap
2233,decentralised
2234,trademark
2235,juice
2236,pin
2237,economy
2238,prelude
2239,pastor
2240,vote
2241,bloodthirsty
2242,committed
2243,affiliated
2244,tiger
2245,party
2246,mentioning
2247,intervention
2248,narrative
2249,serf
2250,injured
2251,americas
2252,ruler
2253,pad
2254,perceived
2255,correspondent
2256,slave
2257,passport
2258,vineyard
2259,compete
2260,bulk
2261,naturally
2262,likely
2263,un
2264,february
2265,geeks
2266,gemini
2267,incentive
2268,photograph
2269,feeding
2270,leaf
2271,priority
2272,underground
2273,sit
2274,treating
2275,maximum
2276,clambering
2277,urging
2278,ridicules
2279,interesting
2280,california
2281,survived
2282,writes
2283,dilemma
2284,eve
2285,bent
2286,contributed
2287,bundle
2288,stupider
2289,petition
2290,numbers
2291,arrested
2292,game
2293,develops
2294,deterrence
2295,powerfully
2296,reality
2297,responded
2298,regarding
2299,belt
2300,defecting
2301,fur
2302,republicans
2303,gap
2304,reminds
2305,tyranni
2306,dead
2307,soon
2308,substandard
2309,morning
2310,basic
2311,secured
2312,summation
2313,heard
2314,artist
2315,reaction
2316,pretend
2317,kharkov
2318,bread
2319,pupil
2320,abducted
2321,arabia
2322,worth
2323,new
2324,normalize
2325,mus
2326,meanwhile
2327,conducting
2328,nation
2329,acute
2330,textbook
2331,rating
2332,girl
2333,drill
2334,arnold
2335,accepting
2336,calm
2337,contends
2338,forbade
2339,hypocrisy
2340,defend
2341,switzerland
2342,commodities
2343,bad
2344,overshadowed
2345,tide
2346,prayer
2347,achievable
2348,testimony
2349,ful
2350,importance
2351,run
2352,register
2353,desperately
2354,organize
2355,ineffective
2356,gagarin
2357,taliban
2358,aide
2359,barbarism
2360,disconnect
2361,promote
2362,written
2363,fuck
2364,approved
2365,numerous
2366,brent
2367,cheerful
2368,gaining
2369,ireland
2370,sleeping
2371,telling
2372,donation
2373,pat
2374,rumour
2375,full
2376,long
2377,becomes
2378,happen
2379,replacement
2380,extend
2381,rock
2382,folly
2383,sharply
2384,naive
2385,mostly
2386,stark
2387,colored
2388,shipment
2389,dislike
2390,lions
2391,carnage
2392,trim
2393,hancock
2394,mercies
2395,jet
2396,freed
2397,hoping
2398,ethical
2399,good
2400,bolster
2401,main
2402,implies
2403,work
2404,riot
2405,gruelling
2406,acting
2407,change
2408,scared
2409,blockage
2410,cabinet
2411,disclosed
2412,speed
2413,rescuing
2414,release
2415,advanced
2416,survivor
2417,secretive
2418,real
2419,engineer
2420,ward
2421,defensive
2422,hugely
2423,relations
2424,ideology
2425,failure
2426,warfare
2427,suggests
2428,quiet
2429,otherwise
2430,transferring
2431,used
2432,teasers
2433,stated
2434,spent
2435,civilized
2436,pas
2437,closely
2438,admitting
2439,paraded
2440,guards
2441,monstrous
2442,times
2443,climate
2444,germany
2445,context
2446,cod
2447,arrest
2448,barrack
2449,injury
2450,shaping
2451,bomb
2452,focused
2453,moving
2454,implication
2455,saudi
2456,millions
2457,sickle
2458,tower
2459,supporting
2460,canceled
2461,accessing
2462,depends
2463,adopt
2464,hats
2465,dm
2466,assembly
2467,obviously
2468,wants
2469,made
2470,saceur
2471,discriminate
2472,access
2473,send
2474,restore
2475,surgery
2476,walking
2477,secondary
2478,narrow
2479,representative
2480,outstanding
2481,rogers
2482,tornado
2483,start
2484,symbolises
2485,damaging
2486,entrenching
2487,sleek
2488,participation
2489,locals
2490,delayed
2491,prague
2492,road
2493,attacked
2494,unfit
2495,encouraged
2496,bubble
2497,prof
2498,defending
2499,bought
2500,incompatible
2501,nigh
2502,drawing
2503,prime
2504,grotesque
2505,declared
2506,gentiles
2507,information
2508,son
2509,disgusted
2510,elbow
2511,hostile
2512,perspective
2513,raised
2514,five
2515,unreachable
2516,terminator
2517,idps
2518,czech
2519,northwestern
2520,signal
2521,border
2522,scott
2523,tehran
2524,glove
2525,destroys
2526,contest
2527,shouting
2528,totally
2529,pitching
2530,ct
2531,obi
2532,province
2533,occupation
2534,wall
2535,meaning
2536,artillery
2537,propagandist
2538,surround
2539,add
2540,evacuating
2541,air-to-ground
2542,regained
2543,tchaikovsky
2544,nm
2545,snoring
2546,progress
2547,okay
2548,damn
2549,gentle
2550,purge
2551,appointment
2552,halted
2553,federal
2554,oh
2555,vaccine
2556,committee
2557,frightened
2558,abstained
2559,beat
2560,orthodox
2561,welcome
2562,loop
2563,substantial
2564,elk
2565,formidable
2566,dire
2567,historic
2568,debacle
2569,migrant
2570,tilted
2571,hughes
2572,right
2573,awe-inspiring
2574,commercial
2575,distance
2576,billion
2577,laundering
2578,usa
2579,recommended
2580,truly
2581,specie
2582,rifle
2583,counterpart
2584,latvian
2585,decreased
2586,surrendering
2587,birthday
2588,fuel
2589,multiply
2590,legalised
2591,crushing
2592,group
2593,total
2594,blatant
2595,great
2596,distribution
2597,need
2598,games
2599,phone
2600,think
2601,count
2602,ticket
2603,displacing
2604,man-made
2605,piano
2606,illustration
2607,expected
2608,categorically
2609,fairy
2610,reflected
2611,underway
2612,want
2613,ice
2614,opening
2615,rs
2616,chance
2617,cash
2618,finest
2619,intimidation
2620,targeting
2621,read
2622,support
2623,handful
2624,favour
2625,scene
2626,martyred
2627,fantastical
2628,resulted
2629,difficult
2630,attended
2631,break
2632,prosecution
2633,decide
2634,defying
2635,rises
2636,km
2637,carter
2638,spring
2639,template
2640,humanity
2641,side
2642,staff
2643,harvest
2644,strong
2645,forces
2646,proven
2647,later
2648,interest
2649,gather
2650,chained
2651,sky-high
2652,repulsive
2653,displacement
2654,expense
2655,extra
2656,seoul
2657,warmth
2658,build
2659,apologize
2660,pariah
2661,justify
2662,darkness
2663,cleared
2664,arsehole
2665,shocking
2666,congregation
2667,washington
2668,ni
2669,tradition
2670,swiss
2671,accelerating
2672,submarine
2673,article
2674,hear
2675,tweeted
2676,representatives
2677,coast
2678,estonia
2679,contract
2680,kill
2681,children
2682,share
2683,fully
2684,journey
2685,officer
2686,sole
2687,ruinous
2688,general
2689,bringing
2690,hide
2691,fiction
2692,implementing
2693,ten
2694,sms
2695,warsaw
2696,english
2697,comfortable
2698,catch
2699,global
2700,foundation
2701,callous
2702,union
2703,martins
2704,pimped
2705,monetary
2706,recognize
2707,dogs
2708,stuffed
2709,sources
2710,witnessed
2711,form
2712,petrol
2713,vet
2714,station
2715,suppression
2716,holocaust
2717,deeper
2718,sugar
2719,park
2720,wont
2721,mph
2722,mum
2723,kind
2724,unique
2725,hun
2726,military
2727,unleashed
2728,visiting
2729,donbas
2730,armour
2731,product
2732,play
2733,volunteered
2734,pact
2735,gandhi
2736,gone
2737,pod
2738,nazis
2739,agenda
2740,knew
2741,sparing
2742,peace
2743,recruitment
2744,inspire
2745,escalates
2746,system
2747,ax
2748,wrote
2749,emergency
2750,western
2751,solution
2752,greatest
2753,benefiting
2754,served
2755,air
2756,mistakes
2757,within
2758,assistance
2759,federation
2760,water
2761,avoiding
2762,babel
2763,placard
2764,affecting
2765,sale
2766,female
2767,history
2768,assume
2769,seen
2770,horrendous
2771,distinction
2772,ubiquitous
2773,mounting
2774,missiles
2775,stepped
2776,spaces
2777,grave
2778,captured
2779,dimness
2780,afternoon
2781,unable
2782,dialogue
2783,charisma
2784,rally
2785,greatness
2786,rep
2787,homeowners
2788,condemns
2789,navy
2790,absurd
2791,shelling
2792,peer
2793,non-jews
2794,favourable
2795,see
2796,original
2797,headquarters
2798,stay
2799,stifle
2800,whimsical
2801,ship
2802,domino
2803,messy
2804,bombs
2805,sledge
2806,deliberate
2807,mind
2808,morally
2809,using
2810,dismisses
2811,identity
2812,animal
2813,elliptic
2814,worthy
2815,washed
2816,exhausted
2817,forum
2818,immobilizing
2819,combatting
2820,stability
2821,zombie
2822,bomber
2823,colleague
2824,aids
2825,armored
2826,arrival
2827,fray
2828,prominent
2829,stroller
2830,stranded
2831,cook
2832,z
2833,fodder
2834,buying
2835,americans
2836,ses
2837,potato
2838,moment
2839,olympian
2840,imbecilic
2841,goodbye
2842,minus
2843,weighs
2844,boarding
2845,newspaper
2846,daughter
2847,full-scale
2848,newsagent
2849,software
2850,promoting
2851,tourist
2852,legalize
2853,arts
2854,dictatorship
2855,hangar
2856,orchestrated
2857,admirer
2858,scuttling
2859,shell
2860,hardly
2861,duty
2862,sum
2863,charlatan
2864,subway
2865,sunny
2866,satisfied
2867,creed
2868,mole
2869,victory
2870,greater
2871,inspiring
2872,interested
2873,providing
2874,unknown
2875,go
2876,distant
2877,discounted
2878,chronicle
2879,psychiatric
2880,inspecting
2881,sos
2882,pickup
2883,prepared
2884,mp
2885,wielding
2886,singing
2887,honour
2888,recruiting
2889,dare
2890,sanctioned
2891,wreaks
2892,organized
2893,tracking
2894,well
2895,wheat
2896,unchecked
2897,american
2898,identify
2899,lethal
2900,everyday
2901,poll
2902,fearing
2903,cessation
2904,bigger
2905,blown
2906,xi
2907,commanding
2908,universe
2909,charged
2910,charge
2911,warm
2912,aftermath
2913,up-to-date
2914,madman
2915,transportation
2916,demand
2917,bombed
2918,produce
2919,caring
2920,aided
2921,tolstoy
2922,hold
2923,knife
2924,sense
2925,division
2926,magnetometer
2927,cure
2928,blooded
2929,divided
2930,argued
2931,leader
2932,map
2933,reconstruction
2934,fellow
2935,tenacious
2936,participates
2937,liberty
2938,cleansing
2939,kilometer
2940,graphic
2941,finding
2942,scattering
2943,wallet
2944,effort
2945,hospitals
2946,august
2947,covered
2948,provision
2949,take
2950,paying
2951,wannabe
2952,designed
2953,seeing
2954,tanzania
2955,collecting
2956,moscow
2957,alcohol
2958,sic
2959,pouring
2960,gum
2961,firm
2962,partition
2963,determination
2964,persuading
2965,clarified
2966,dictatorial
2967,hardened
2968,hall
2969,friendly
2970,shattered
2971,authority
2972,freshly
2973,knockout
2974,thread
2975,horrified
2976,clothes
2977,amount
2978,warns
2979,death
2980,violate
2981,shot
2982,counselling
2983,fighting
2984,painted
2985,learnt
2986,writ
2987,curiously
2988,vietnam
2989,experiencing
2990,combatants
2991,bookings
2992,shy
2993,theme
2994,page
2995,intention
2996,outpouring
2997,hurry
2998,effective
2999,cover
3000,bush
3001,elect
3002,newly
3003,police
3004,activity
3005,royal
3006,decision
3007,violates
3008,tougher
3009,superpower
3010,cocoa
3011,precisely
3012,cereal
3013,pierre
3014,cocaine
3015,freedom
3016,asshole
3017,assure
3018,brandishing
3019,stain
3020,friendliest
3021,thermostat
3022,youth
3023,settlement
3024,adam
3025,dirty
3026,man
3027,huge
3028,stadium
3029,nurture
3030,useing
3031,search
3032,joseph
3033,coordinate
3034,imo
3035,us
3036,package
3037,incredible
3038,maybe
3039,posting
3040,highlight
3041,baron
3042,censored
3043,memory
3044,clowns
3045,network
3046,eat
3047,held
3048,gym
3049,bren
3050,hypocrite
3051,gop
3052,grab
3053,marine
3054,last
3055,amazed
3056,fled
3057,relocation
3058,communication
3059,televised
3060,meet
3061,dedication
3062,rumor
3063,brings
3064,territory
3065,chanting
3066,breakaway
3067,manner
3068,kiss
3069,matrix
3070,dissolved
3071,escaped
3072,rocket
3073,willingly
3074,air-to-surface
3075,vomited
3076,oppose
3077,trained
3078,wearing
3079,subtitle
3080,recapped
3081,ali
3082,throw
3083,laid
3084,going
3085,route
3086,boil
3087,angel
3088,sanctuary
3089,houses
3090,scary
3091,displayed
3092,conscript
3093,god
3094,headed
3095,ki
3096,old
3097,investigation
3098,peter
3099,suitable
3100,pronunciation
3101,coat
3102,europes
3103,maiden
3104,id
3105,connect
3106,telephone
3107,residual
3108,roaming
3109,spend
3110,gomorrah
3111,windfall
3112,gullible
3113,horse
3114,leo
3115,belgium
3116,cant
3117,announce
3118,paramedic
3119,draw
3120,kharkiv
3121,militia
3122,debate
3123,tb
3124,shit
3125,sympathy
3126,loathed
3127,genuinely
3128,raising
3129,lets
3130,surplus
3131,inside
3132,filling
3133,adult
3134,easier
3135,scoot
3136,unworthy
3137,assassin
3138,australia
3139,ammo
3140,data
3141,meaningless
3142,standard
3143,recourse
3144,ago
3145,bid
3146,wave
3147,called
3148,ferrying
3149,turmoil
3150,deadlier
3151,kidnap
3152,redirects
3153,force
3154,wondering
3155,deny
3156,video
3157,consider
3158,seize
3159,create
3160,summer
3161,write-off
3162,wrong
3163,dog
3164,dad
3165,urgent
3166,compared
3167,canvas
3168,monk
3169,brave
3170,explains
3171,alliance
3172,driver
3173,building
3174,slap
3175,thai
3176,glory
3177,result
3178,bordering
3179,illinois
3180,uplifting
3181,delivering
3182,featuring
3183,classified
3184,accusing
3185,personnel
3186,switch
3187,murdered
3188,tweeting
3189,belonging
3190,heat
3191,critical
3192,lost
3193,user
3194,disable
3195,imagery
3196,aegis
3197,laughable
3198,cent
3199,silver
3200,aurora
3201,interference
3202,worthless
3203,arriving
3204,refuge
3205,response
3206,sorrow
3207,low
3208,repulsed
3209,stopped
3210,killed
3211,fri
3212,confirmed
3213,trafficker
3214,autumn
3215,de
3216,earn
3217,process
3218,activist
3219,gang
3220,strategy
3221,showing
3222,levelling
3223,p
3224,recognition
3225,eastern
3226,stupid
3227,social
3228,navigate
3229,asking
3230,bus
3231,essential
3232,blue
3233,choose
3234,distributes
3235,nato
3236,payload
3237,spawn
3238,projected
3239,innocent
3240,bench
3241,gates
3242,entering
3243,hacking
3244,snout
3245,factor
3246,amnesty
3247,thank
3248,thug
3249,rescue
3250,violence
3251,settled
3252,anywhere
3253,department
3254,perturbed
3255,favor
3256,scare
3257,protester
3258,conscription
3259,teach
3260,irish
3261,accordingly
3262,human
3263,economists
3264,murder
3265,exploitation
3266,make
3267,explosive
3268,rapper
3269,pale
3270,rebuilding
3271,choosing
3272,enjoying
3273,sunset
3274,dispute
3275,maintain
3276,optimized
3277,ova
3278,h
3279,national
3280,tension
3281,similar
3282,pollution
3283,alexander
3284,bright
3285,mary
3286,wood
3287,controlling
3288,weep
3289,element
3290,keep
3291,symbolise
3292,unanimously
3293,staged
3294,strange
3295,quarterback
3296,prosecutor
3297,acquaintance
3298,painting
3299,occupying
3300,discount
3301,needs
3302,fun
3303,continues
3304,projection
3305,borderline
3306,trend
3307,child
3308,wild
3309,episode
3310,indias
3311,determined
3312,based
3313,steps
3314,full-fledged
3315,eternal
3316,turn
3317,david
3318,kingdom
3319,urged
3320,clean
3321,clicked
3322,sunday
3323,sunflower
3324,europe
3325,milk
3326,satellite
3327,experience
3328,bias
3329,quality
3330,artistic
3331,legally
3332,ignored
3333,select
3334,artwork
3335,dozens
3336,min
3337,impeach
3338,sick
3339,shameful
3340,terror
3341,discern
3342,offer
3343,impossible
3344,command
3345,sacked
3346,disturbance
3347,near
3348,istanbul
3349,education
3350,heres
3351,expel
3352,commend
3353,wondered
3354,dropping
3355,stand
3356,brilliant
3357,pissed
3358,legislation
3359,ok
3360,pull
3361,topped
3362,morale
3363,happening
3364,saying
3365,latin
3366,impassioned
3367,kilo
3368,contractor
3369,geography
3370,success
3371,carrying
3372,hated
3373,vaccinating
3374,striking
3375,city
3376,watershed
3377,dnipropetrovsk
3378,k
3379,issue
3380,check
3381,argument
3382,location
3383,require
3384,monger
3385,true
3386,expect
3387,heaviest
3388,encounter
3389,alligator
3390,chief
3391,complete
3392,infiltration
3393,sound
3394,flank
3395,guardian
3396,rubble
3397,fortunately
3398,cosy
3399,studies
3400,fall
3401,pick
3402,metro
3403,packet
3404,organising
3405,banned
3406,spewing
3407,might
3408,countless
3409,autocrat
3410,sent
3411,apple
3412,nt
3413,vestige
3414,admired
3415,flatten
3416,actually
3417,illusion
3418,contribution
3419,symbol
3420,petting
3421,gift
3422,connecticut
3423,pushed
3424,safer
3425,entered
3426,negotiator
3427,destined
3428,authoritarian
3429,pope
3430,contact
3431,thus
3432,draft
3433,dealing
3434,flags
3435,worker
3436,somehow
3437,newsletter
3438,strategic
3439,ensure
3440,ono
3441,stage
3442,prize
3443,fine
3444,labor
3445,unfurled
3446,prosecuting
3447,locate
3448,establishment
3449,deeply
3450,grinding
3451,j
3452,rest
3453,smile
3454,met
3455,threatened
3456,russias
3457,startup
3458,office
3459,pulling
3460,angry
3461,pocket
3462,consent
3463,invalid
3464,palace
3465,northeast
3466,conference
3467,probably
3468,fair
3469,hot
3470,liberation
3471,height
3472,mass
3473,universal
3474,spanish
3475,inventive
3476,representation
3477,marathon
3478,incident
3479,operations
3480,nasser
3481,snow
3482,star
3483,capture
3484,uninterrupted
3485,fires
3486,ca
3487,physician
3488,shock
3489,mediator
3490,leaked
3491,establish
3492,cross
3493,meat
3494,box
3495,position
3496,mandate
3497,trending
3498,archive
3499,sending
3500,lennon
3501,destroying
3502,inhumanity
3503,healthcare
3504,accomplice
3505,drone
3506,bullet
3507,asset
3508,spin
3509,health
3510,loved
3511,says
3512,sabotage
3513,suture
3514,democratic
3515,epic
3516,relief
3517,nerve
3518,insulting
3519,missile
3520,coverage
3521,high
3522,base
3523,altered
3524,orange
3525,facing
3526,hug
3527,defines
3528,serpent
3529,bangkok
3530,self-defense
3531,disrupted
3532,raging
3533,talented
3534,coincidences
3535,sends
3536,harassment
3537,accident
3538,chant
3539,greetings
3540,hunt
3541,encryption
3542,unload
3543,truck
3544,whooping
3545,physics
3546,pipeline
3547,isolate
3548,guilty
3549,abused
3550,shared
3551,shadow
3552,reading
3553,honestly
3554,kidnapped
3555,april
3556,empower
3557,shop
3558,feared
3559,na
3560,bombarding
3561,faith
3562,frame
3563,polarisation
3564,lashkar-e-taiba
3565,rallied
3566,dissent
3567,iran
3568,attend
3569,return
3570,ordinance
3571,generals
3572,advised
3573,streaming
3574,courage
3575,picked
3576,local
3577,announces
3578,pa
3579,cream
3580,fold
3581,except
3582,larger
3583,ar
3584,trains
3585,associated
3586,hard-hitting
3587,creator
3588,safety
3589,right-wing
3590,considering
3591,coercion
3592,able
3593,remake
3594,place
3595,comes
3596,nazism
3597,expose
3598,wage
3599,bedroom
3600,region
3601,evidence
3602,service
3603,said
3604,crimes
3605,probable
3606,correct
3607,equal
3608,committing
3609,fifty
3610,mfa
3611,stream
3612,whine
3613,humor
3614,oath
3615,cappuccino
3616,bin
3617,strongest
3618,sung
3619,style
3620,eu
3621,sorry
3622,foam
3623,serbia
3624,taira
3625,programme
3626,assault
3627,eye
3628,arrogance
3629,mandarin
3630,tucker
3631,chemical
3632,enters
3633,achieving
3634,defended
3635,credit
3636,goulash
3637,forest
3638,conspiracy
3639,placed
3640,organisation
3641,profited
3642,impressive
3643,headline
3644,reallocation
3645,managing
3646,reliable
3647,heart
3648,throughout
3649,cowardly
3650,marred
3651,speaking
3652,pansy
3653,stabilizing
3654,witnessing
3655,pedal
3656,models
3657,medium
3658,possible
3659,rollback
3660,difference
3661,booed
3662,immediate
3663,augustine
3664,happiness
3665,useful
3666,symbolic
3667,far
3668,wire
3669,unit
3670,turned
3671,oslo
3672,ordeal
3673,beloved
3674,flee
3675,burying
3676,greeks
3677,online
3678,pledge
3679,international
3680,broken
3681,trading
3682,moreover
3683,feel
3684,reception
3685,deepest
3686,oppressed
3687,annihilation
3688,lower
3689,betrayal
3690,simplicity
3691,bespoke
3692,possession
3693,anarchist
3694,elder
3695,clip
3696,fossil
3697,vice
3698,weaponry
3699,contains
3700,report
3701,desperate
3702,gnawed
3703,serbian
3704,presumably
3705,gradually
3706,fill
3707,agreement
3708,marksman
3709,unquestionable
3710,intercept
3711,preventing
3712,medication
3713,delicious
3714,tipping
3715,supremacy
3716,book
3717,aggressor
3718,simply
3719,contingent
3720,german
3721,virgin
3722,compensation
3723,imam
3724,broadcast
3725,internal
3726,split
3727,xavier
3728,mann
3729,dominate
3730,decides
3731,due
3732,interactive
3733,african-american
3734,pies
3735,realize
3736,fellowship
3737,natos
3738,paralyzed
3739,alaska
3740,sea
3741,jacob
3742,traitor
3743,church
3744,provisional
3745,arrests
3746,impacted
3747,pushing
3748,specializes
3749,boxing
3750,bunker
3751,recorded
3752,rampage
3753,accountant
3754,publicly
3755,courageous
3756,bury
3757,crescent
3758,denounced
3759,depot
3760,women
3761,pussy
3762,dumber
3763,solider
3764,reported
3765,ground
3766,solve
3767,humility
3768,wreak
3769,choice
3770,represent
3771,norway
3772,talked
3773,revolt
3774,let
3775,track
3776,cope
3777,rate
3778,aware
3779,coalition
3780,wore
3781,unchanged
3782,explorer
3783,south
3784,syria
3785,directly
3786,grad
3787,false
3788,delegation
3789,fixing
3790,atrocity
3791,invention
3792,somalis
3793,taking
3794,jolly
3795,independence
3796,leadership
3797,edit
3798,luxury
3799,neat
3800,bob
3801,escaping
3802,catastrophe
3803,fin
3804,surrender
3805,timely
3806,fought
3807,convince
3808,finish
3809,jew
3810,saving
3811,poverty
3812,word
3813,turkey
3814,problem
3815,green
3816,ministers
3817,thirty
3818,boat
3819,sympathizer
3820,emerge
3821,showed
3822,tantrum
3823,title
3824,fox
3825,opposition
3826,pity
3827,shake
3828,belief
3829,investing
3830,jesus
3831,shooting
3832,scheme
3833,assets
3834,happy
3835,ticking
3836,neutral
3837,thing
3838,haul
3839,collapsing
3840,reply
3841,aerial
3842,remote
3843,evil
3844,rn
3845,resilient
3846,releasing
3847,invader
3848,player
3849,ottoman
3850,estimate
3851,drug
3852,vigil
3853,globalization
3854,happened
3855,ban
3856,strait
3857,counterattack
3858,feeling
3859,erasing
3860,defeat
3861,fly
3862,vessel
3863,condensed
3864,surely
3865,alternative
3866,defined
3867,reaching
3868,condemn
3869,pant
3870,document
3871,tuition
3872,normal
3873,ai
3874,circumstance
3875,move
3876,aggressively
3877,tune
3878,email
3879,gesture
3880,sacking
3881,caput
3882,ethnic
3883,oxygen
3884,double
3885,watched
3886,legalized
3887,detail
3888,two
3889,israel
3890,misguided
3891,apostles
3892,odesa
3893,upcoming
3894,represented
3895,performance
3896,rebound
3897,gravely
3898,glass
3899,integration
3900,flowing
3901,tin
3902,restored
3903,visibility
3904,expressing
3905,speech
3906,necessary
3907,smothered
3908,imagined
3909,spoke
3910,analogue
3911,gunfire
3912,repair
3913,campaign
3914,director
3915,reveal
3916,racket
3917,affected
3918,wish
3919,competition
3920,seven
3921,distraction
3922,freelance
3923,future
3924,psychology
3925,disruption
3926,seeks
3927,knowing
3928,stabbed
3929,counting
3930,jakarta
3931,wow
3932,counter
3933,father
3934,hired
3935,integrity
3936,precision
3937,sciences
3938,liars
3939,chat
3940,coffee
3941,irak
3942,x
3943,bacon
3944,jr
3945,crop
3946,revealed
3947,invisible
3948,sell
3949,exhaustion
3950,installation
3951,often
3952,minted
3953,seller
3954,bravest
3955,flooding
3956,experiment
3957,decided
3958,ne
3959,overwhelm
3960,brushing
3961,paint
3962,experimenting
3963,saddest
3964,absolute
3965,dissuaded
3966,convincing
3967,thinking
3968,rice
3969,industry
3970,unfortunately
3971,provides
3972,imperialist
3973,proof
3974,departures
3975,floating
3976,ill-gotten
3977,ending
3978,annihilated
3979,sustains
3980,casualty
3981,straight
3982,educated
3983,supported
3984,curb
3985,prospect
3986,lineage
3987,utilize
3988,took
3989,paris
3990,ancient
3991,mod
3992,consult
3993,rape
3994,destruction
3995,denied
3996,girls
3997,aim
3998,workers
3999,hardest
4000,fear
4001,guidance
4002,scaled
4003,independent
4004,bloody
4005,fouled
4006,dante
4007,urgently
4008,supporter
4009,institutionalised
4010,imf
4011,repetition
4012,cia
4013,picking
4014,theater
4015,orgy
4016,raid
4017,ada
4018,controversy
4019,relaxation
4020,hr
4021,cluster
4022,recreated
4023,dear
4024,swift
4025,inducing
4026,cold
4027,condemned
4028,atticus
4029,shamelessly
4030,emotional
4031,subvert
4032,meditation
4033,tested
4034,practice
4035,movement
4036,jared
4037,rune
4038,action
4039,supposed
4040,created
4041,crash
4042,armament
4043,face
4044,italy
4045,dirtier
4046,erasure
4047,united
4048,tactic
4049,fruit
4050,optic
4051,declaring
4052,judging
4053,grounded
4054,mile
4055,ab
4056,threatening
4057,surprised
4058,direction
4059,mercenary
4060,bladder
4061,outrage
4062,genealogy
4063,unsolicited
4064,amazing
4065,famine
4066,japan
4067,posed
4068,genetic
4069,demonstrate
4070,negative
4071,strengthen
4072,vital
4073,priest
4074,virtual
4075,mystics
4076,east
4077,stopping
4078,resistance
4079,jones
4080,mom
4081,subscribers
4082,defense
4083,definitely
4084,viewed
4085,fighters
4086,administration
4087,giddy
4088,nightmare
4089,condoned
4090,glorify
4091,enormous
4092,science
4093,lloyd
4094,pour
4095,agent
4096,friend
4097,pump
4098,situation
4099,exhibition
4100,glow
4101,risks
4102,clearer
4103,poetry
4104,hq
4105,bracing
4106,concept
4107,defends
4108,deadliest
4109,purchases
4110,delete
4111,reason
4112,energy
4113,week
4114,detection
4115,mattered
4116,follows
4117,planning
4118,spectacular
4119,responsible
4120,torture
4121,reports
4122,large
4123,pure
4124,sinner
4125,township
4126,mystery
4127,instinct
4128,blame
4129,fleeing
4130,plea
4131,ak
4132,attention
4133,cyril
4134,yet
4135,carried
4136,bribed
4137,lights
4138,consequence
4139,invite
4140,palestine
4141,jam
4142,concluded
4143,live
4144,lesson
4145,max
4146,mothers
4147,putin
4148,mortar
4149,disrupting
4150,room
4151,intervene
4152,removing
4153,fascist
4154,utc
4155,examine
4156,meagre
4157,headstone
4158,advisory
4159,forgetting
4160,travelled
4161,abuzz
4162,rent
4163,commendable
4164,topic
4165,butcher
4166,odds
4167,listeners
4168,backed
4169,beginning
4170,prostitution
4171,odor
4172,sign
4173,captivity
4174,thrive
4175,learn
4176,eagle
4177,fertilise
4178,short
4179,coordinating
4180,decisive
4181,jumped
4182,list
4183,abusive
4184,neighboring
4185,edition
4186,glimpse
4187,amp
4188,erratic
4189,exclusively
4190,membership
4191,even
4192,disassemble
4193,maneuvering
4194,triple
4195,toast
4196,britons
4197,gun
4198,society
4199,defiant
4200,sooner
4201,armenians
4202,teeth
4203,loathe
4204,must
4205,precise
4206,surrounded
4207,ottawa
4208,politics
4209,destination
4210,survive
4211,bird
4212,magical
4213,isolated
4214,state
4215,pleased
4216,captain
4217,brought
4218,australians
4219,centers
4220,occupied
4221,threw
4222,volatility
4223,dressed
4224,secretly
4225,capitalism
4226,deadly
4227,remainder
4228,know
4229,cm
4230,mint
4231,wait
4232,devastating
4233,theory
4234,ally
4235,also
4236,awake
4237,conceal
4238,hire
4239,smell
4240,area
4241,rethink
4242,kiev
4243,conservatives
4244,officials
4245,abandoned
4246,imprison
4247,aleppo
4248,serving
4249,agreed
4250,willing
4251,gods
4252,prevail
4253,hygiene
4254,loot
4255,slingshot
4256,unwarranted
4257,facility
4258,die
4259,component
4260,ensign
4261,located
4262,neighborhood
4263,sponsoring
4264,diverted
4265,nobody
4266,checked
4267,working
4268,recently
4269,internet
4270,program
4271,letting
4272,mortal
4273,athens
4274,golden
4275,biggest
4276,collaboration
4277,drones
4278,drinking
4279,poison
4280,eatery
4281,berlin
4282,expressed
4283,front
4284,marched
4285,arguing
4286,simple
4287,settler
4288,wider
4289,widespread
4290,steal
4291,student
4292,insight
4293,tit
4294,ongoing
4295,came
4296,accommodate
4297,reporting
4298,character
4299,running
4300,dusted
4301,systems
4302,depict
4303,destabilise
4304,sensitivity
4305,reparation
4306,ordinary
4307,village
4308,coup
4309,thought
4310,miserable
4311,impact
4312,landscape
4313,assert
4314,stinger
4315,disgraced
4316,remittance
4317,application
4318,silence
4319,collaborator
4320,writer
4321,beneath
4322,recurring
4323,depart
4324,claim
4325,added
4326,visit
4327,blow
4328,cake
4329,present
4330,implicit
4331,criminalized
4332,john
4333,stealing
4334,missionaries
4335,reef
4336,failed
4337,stood
4338,somewhat
4339,agree
4340,someone
4341,struggle
4342,images
4343,author
4344,website
4345,demonstrated
4346,troll
4347,hf
4348,token
4349,song
4350,bring
4351,leading
4352,laptop
4353,hind
4354,calls
4355,eleven
4356,dc
4357,winning
4358,medevac
4359,investigate
4360,voice
4361,outfit
4362,mini
4363,balance
4364,judge
4365,hurt
4366,known
4367,invasive
4368,poster
4369,knows
4370,shape
4371,tens
4372,filed
4373,click
4374,got
4375,wan
4376,reversing
4377,brits
4378,worked
4379,emperor
4380,imp
4381,organizing
4382,sg
4383,statement
4384,bend
4385,jefferson
4386,ball
4387,neutralising
4388,dreadful
4389,embarking
4390,completely
4391,ordered
4392,breathtaking
4393,control
4394,increase
4395,muslims
4396,portugal
4397,queen
4398,became
4399,volunteer
4400,pounding
4401,payment
4402,changed
4403,pressure
4404,column
4405,titanium
4406,reached
4407,requesting
4408,tell
4409,bell
4410,pile
4411,outright
4412,widely
4413,blocked
4414,encircle
4415,vomit
4416,intensifying
4417,radio
4418,hushed
4419,retailer
4420,soars
4421,tangible
4422,free
4423,rhetoric
4424,austerity
4425,resort
4426,embarrassing
4427,shoe
4428,justice
4429,terribly
4430,sold
4431,helicopter
4432,landing
4433,self
4434,awareness
4435,costing
4436,morsel
4437,customer
4438,rotten
4439,screaming
4440,concerned
4441,fluctuation
4442,glibness
4443,cgs
4444,noise
4445,recording
4446,peoples
4447,leg
4448,motion
4449,close
4450,hearing
4451,convened
4452,population
4453,listed
4454,staying
4455,carriage
4456,embrace
4457,c
4458,collection
4459,summit
4460,uniform
4461,grabbed
4462,giving
4463,cat
4464,hundreds
4465,holland
4466,ammunition
4467,registered
4468,india
4469,hardware
4470,billions
4471,dicks
4472,negotiated
4473,compiled
4474,realizes
4475,corrupt
4476,impacts
4477,whatever
4478,address
4479,jerusalem
4480,attribute
4481,variety
4482,expansion
4483,forbidding
4484,lying
4485,pause
4486,reiterated
4487,possibility
4488,nms
4489,hybrid
4490,message
4491,entirety
4492,labs
4493,joy
4494,burning
4495,class
4496,waged
4497,dollar
4498,operate
4499,indicator
4500,ton
4501,nine
4502,munition
4503,carpet
4504,creation
4505,roadblock
4506,fuels
4507,flag
4508,emphasize
4509,aa
4510,al
4511,warplane
4512,tuning
4513,utter
4514,life
4515,e
4516,wolverine
4517,combatant
4518,died
4519,sympathetic
4520,societal
4521,encourage
4522,corporate
4523,term
4524,victoria
4525,incoming
4526,continued
4527,repercussion
4528,jazz
4529,noon
4530,resident
4531,begs
4532,country
4533,slavery
4534,sworn
4535,similarity
4536,havoc
4537,schemes
4538,tyranny
4539,bloodshed
4540,halt
4541,excuse
4542,disgusting
4543,units
4544,tiny
4545,super
4546,adopting
4547,appropriating
4548,required
4549,crowded
4550,drowning
4551,snake
4552,commits
4553,massaging
4554,devoid
4555,burden
4556,sixth
4557,research
4558,rydberg
4559,treasonous
4560,eager
4561,disturb
4562,age
4563,sensation
4564,figure
4565,upper
4566,call
4567,bed
4568,undeveloped
4569,neighbour
4570,growing
4571,meter
4572,probe
4573,tormentor
4574,collapsed
4575,measly
4576,suspend
4577,rare
4578,proving
4579,extinction
4580,finished
4581,discord
4582,interior
4583,negotiation
4584,encouraging
4585,communications
4586,selling
4587,avoidable
4588,pole
4589,wonderful
4590,evacuation
4591,price
4592,corp
4593,aesthetic
4594,fooling
4595,strike
4596,idiot
4597,withdraw
4598,rescuers
4599,listened
4600,specialized
4601,inspired
4602,tears
4603,communists
4604,gallery
4605,community
4606,point
4607,steering
4608,question
4609,eventually
4610,maimed
4611,knee
4612,soaring
4613,japanese
4614,misleading
4615,custom
4616,devastation
4617,haunting
4618,boring
4619,claims
4620,haematology
4621,sham
4622,patient
4623,asians
4624,comfort
4625,narrowed
4626,blockbuster
4627,commit
4628,including
4629,crossing
4630,company
4631,checking
4632,passing
4633,length
4634,causing
4635,ruin
4636,murderer
4637,clearly
4638,flu
4639,humvee
4640,final
4641,intent
4642,bioweapon
4643,maker
4644,iss
4645,suicide
4646,stiff
4647,fog
4648,model
4649,fault
4650,replace
4651,alternatively
4652,court
4653,dithering
4654,stalin
4655,bugle
4656,colonized
4657,distinctive
4658,th
4659,info
4660,pent
4661,little
4662,civil
4663,career
4664,canary
4665,light
4666,today
4667,enlisting
4668,rf
4669,publish
4670,training
4671,impressed
4672,bitten
4673,accidentally
4674,sharing
4675,lenin
4676,rely
4677,laboratories
4678,plenty
4679,describe
4680,nowadays
4681,diced
4682,nearly
4683,revoked
4684,tough
4685,archived
4686,studying
4687,stronger
4688,pointed
4689,still
4690,festival
4691,weakening
4692,warning
4693,mechanized
4694,fiasco
4695,bombardment
4696,disgust
4697,glad
4698,funding
4699,spot
4700,battles
4701,always
4702,cheer
4703,hunger
4704,convict
4705,trouble
4706,getting
4707,surgeon
4708,publishing
4709,tool
4710,buyer
4711,attempt
4712,opponent
4713,republic
4714,bases
4715,unleashes
4716,biological
4717,mad
4718,bigotry
4719,law
4720,afghanistan
4721,bravely
4722,comrade
4723,ask
4724,ever
4725,inspected
4726,repaired
4727,objective
4728,valuable
4729,gotten
4730,organic
4731,guys
4732,brief
4733,aiding
4734,shaken
4735,funky
4736,vocabulary
4737,coincidence
4738,attire
4739,fragile
4740,tv
4741,corps
4742,pray
4743,safest
4744,participating
4745,zoo
4746,rot
4747,ethiopia
4748,greece
4749,adjustment
4750,predict
4751,granting
4752,demonstrations
4753,century
4754,harsh
4755,robust
4756,barrels
4757,dismissed
4758,engage
4759,astronaut
4760,companies
4761,shameless
4762,ny
4763,zama
4764,knowledgeable
4765,actual
4766,hoped
4767,majority
4768,declaration
4769,manifestation
4770,starve
4771,pseudo
4772,delivery
4773,laughing
4774,view
4775,retarded
4776,immune
4777,backup
4778,camping
4779,holy
4780,birth
4781,lithuania
4782,daily
4783,issued
4784,extricate
4785,agency
4786,thousands
4787,mock
4788,sky
4789,past
4790,dollars
4791,charity
4792,hitlers
4793,te
4794,overt
4795,gold
4796,grinder
4797,sweater
4798,threaten
4799,drivers
4800,home
4801,lakh
4802,tail
4803,promise
4804,bag
4805,arrives
4806,compound
4807,tax
4808,e-mail
4809,dodging
4810,tale
4811,journalists
4812,team
4813,identifies
4814,rush
4815,accuses
4816,doctors
4817,blamed
4818,aggression
4819,wake
4820,allowed
4821,traveled
4822,siege
4823,celebrates
4824,sheepdog
4825,url
4826,weapon
4827,portion
4828,hour
4829,dawn
4830,north-west
4831,pakistan
4832,reminder
4833,so-called
4834,gown
4835,male
4836,opinion
4837,accordance
4838,searching
4839,unseen
4840,transmission
4841,intelligence
4842,sonic
4843,part
4844,firework
4845,nuke
4846,enjoyed
4847,declare
4848,back
4849,heartbreaking
4850,object
4851,mil
4852,jurisdiction
4853,pulled
4854,manipulate
4855,champions
4856,first
4857,however
4858,driving
4859,chinese
4860,recover
4861,avoid
4862,sentry
4863,empire
4864,fell
4865,bold
4866,try
4867,treat
4868,medical
4869,funny
4870,roman
4871,spotted
4872,revolution
4873,rouble
4874,space
4875,dive
4876,gomel
4877,nobel
4878,really
4879,receiving
4880,belarusian
4881,latvia
4882,travesty
4883,returning
4884,angle
4885,homeless
4886,winner
4887,sector
4888,redeemed
4889,flood
4890,fresh
4891,parachute
4892,patrol
4893,generosity
4894,boy
4895,distributed
4896,late
4897,tank
4898,ahead
4899,marking
4900,tonight
4901,devoted
4902,joint
4903,nuclear
4904,supplying
4905,built
4906,minimal
4907,helsinki
4908,respond
4909,burned
4910,district
4911,discovery
4912,appeared
4913,iron
4914,connection
4915,believing
4916,previously
4917,unpacking
4918,honored
4919,unity
4920,neighbouring
4921,stress
4922,corpse
4923,ripped
4924,lover
4925,virus
4926,cost
4927,much
4928,fsb
4929,genius
4930,absolutely
4931,whistle
4932,consequences
4933,insult
4934,peaceful
4935,date
4936,challah
4937,taken
4938,clamp
4939,regroups
4940,fraud
4941,earned
4942,compare
4943,deliberately
4944,mood
4945,win
4946,romania
4947,assessment
4948,gate
4949,wanted
4950,tonne
4951,leaving
4952,demography
4953,slovenia
4954,calling
4955,bear
4956,lego
4957,armenia
4958,breathing
4959,rip
4960,farfetched
4961,unofficially
4962,kneel
4963,keeping
4964,supports
4965,civilization
4966,former
4967,negotiate
4968,storyline
4969,falling
4970,killing
4971,float
4972,towns
4973,come
4974,hostage
4975,devil
4976,tag
4977,interrupted
4978,maintains
4979,fund-raising
4980,shut
4981,arabs
4982,howitzer
4983,minute
4984,recovered
4985,labeled
4986,playlist
4987,invented
4988,worrying
4989,demonized
4990,misery
4991,mysteries
4992,largest
4993,spit
4994,traditions
4995,settle
4996,noting
4997,power
4998,published
4999,continent
5000,sow
5001,suspending
5002,enter
5003,eighth
5004,teacher
5005,oregon
5006,relation
5007,proceeding
5008,onslaught
5009,germanys
5010,led
5011,saw
5012,march
5013,denouncing
5014,comprehensive
5015,sport
5016,tom
5017,guise
5018,mocked
5019,unacceptable
5020,stuff
5021,cruiser
5022,sovereign
5023,ambassador
5024,curtain
5025,evident
5026,featured
5027,notice
5028,britain
5029,cheering
5030,lead
5031,delivered
5032,publisher
5033,master
5034,carte
5035,oxford
5036,signing
5037,attack
5038,paid
5039,irs
5040,renewed
5041,immense
5042,preparation
5043,painter
5044,people
5045,slaughter
5046,bless
5047,stake
5048,hammer
5049,define
5050,affect
5051,collective
5052,invaders
5053,turning
5054,mechanism
5055,sadness
5056,gratis
5057,presence
5058,muslim
5059,collapse
5060,feb
5061,wavy
5062,earth
5063,condemning
5064,windsor
5065,help
5066,specified
5067,riddance
5068,walked
5069,declined
5070,karen
5071,sponsor
5072,explodes
5073,barbaric
5074,loses
5075,noticed
5076,reinforced
5077,rightly
5078,words
5079,block
5080,trust
5081,senate
5082,black
5083,outline
5084,cannon
5085,liberated
5086,waved
5087,manipulating
5088,nurse
5089,beijing
5090,comparison
5091,watch
5092,dnieper
5093,order
5094,toddler
5095,promotion
5096,thanks
5097,participant
5098,china
5099,basement
5100,seriously
5101,fast
5102,visible
5103,attempting
5104,chosen
5105,skirmish
5106,bitter
5107,telecommunication
5108,indian
5109,connected
5110,guided
5111,afterwards
5112,review
5113,designated
5114,challenged
5115,refusing
5116,inexperience
5117,nations
5118,dissident
5119,architecture
5120,low-lying
5121,media
5122,trench
5123,horde
5124,constitution
5125,alum
5126,trigger
5127,slovakia
5128,ie
5129,academy
5130,mask
5131,swastika
5132,ussr
5133,stupidity
5134,kit
5135,unites
5136,grasp
5137,mrs
5138,horrible
5139,stray
5140,physical
5141,deceived
5142,events
5143,chit
5144,loudness
5145,sin
5146,booklet
5147,secret
5148,item
5149,suggestion
5150,job
5151,boss
5152,end
5153,scape
5154,armstrong
5155,heavyweight
5156,globe
5157,historical
5158,genocide
5159,moscows
5160,severe
5161,honey
5162,famed
5163,covering
5164,atlantic
5165,detonating
5166,flesh
5167,error
5168,crossed
5169,staggering
5170,siren
5171,defence
5172,like
5173,resulting
5174,someplace
5175,falsehood
5176,recognized
5177,discus
5178,frozen
5179,appalled
5180,trade
5181,yr
5182,intellectual
5183,hiring
5184,functioning
5185,functional
5186,folding
5187,reduce
5188,ru
5189,sackings
5190,protesters
5191,speculation
5192,quite
5193,telegram
5194,believed
5195,oppression
5196,piece
5197,fake
5198,cult
5199,photo
5200,feed
5201,allows
5202,protection
5203,fluff
5204,primary
5205,stuck
5206,instant
5207,politician
5208,drown
5209,praying
5210,gutter
5211,understand
5212,dagger
5213,pm
5214,downfall
5215,tailed
5216,murdering
5217,lee
5218,football
5219,knowledge
5220,tolerate
5221,matt
5222,gospel
5223,greedy
5224,indonesia
5225,hero
5226,proud
5227,invaded
5228,analyzer
5229,responder
5230,matter
5231,closest
5232,doubt
5233,ceo
5234,disappointed
5235,tan
5236,occupier
5237,staple
5238,wrestling
5239,prefer
5240,miss
5241,jamming
5242,conquered
5243,leonardo
5244,harry
5245,source
5246,transcript
5247,strain
5248,veterinarian
5249,leave
5250,crucial
5251,containing
5252,balkans
5253,cube
5254,blanket
5255,look
5256,observer
5257,leaders
5258,caused
5259,things
5260,partisan
5261,scores
5262,impartiality
5263,australian
5264,purposely
5265,white
5266,plant
5267,battlefield
5268,dismissing
5269,cellar
5270,pool
5271,million
5272,assist
5273,years
5274,disobedience
5275,spell
5276,dying
5277,palestinian
5278,mediterranean
5279,give
5280,storm
5281,painfully
5282,struggling
5283,await
5284,set
5285,irredentist
5286,fend
5287,natural
5288,inferno
5289,rangers
5290,swarm
5291,greek
5292,producer
5293,teenage
5294,shrinks
5295,important
5296,iaea
5297,cloudy
5298,apcs
5299,disgracefully
5300,abc
5301,robert
5302,painful
5303,partner
5304,prolong
5305,uncertain
5306,admits
5307,extraordinary
5308,fertilize
5309,bare
5310,barrel
5311,find
5312,comedian
5313,awaiting
5314,hospital
5315,forcing
5316,transporter
5317,potent
5318,burial
5319,fundamental
5320,initiate
5321,anti-semitic
5322,continue
5323,cholera
5324,baltic
